{
  "$schema": "https://raw.githubusercontent.com/spdx/spdx-spec/v2.2.1/schemas/spdx-schema.json",
  "spdxVersion": "SPDX-2.2",
  "dataLicense": "CC0-1.0",
  "SPDXID": "SPDXRef-DOCUMENT",
  "documentNamespace": "https://spdx.org/spdxdocs/sdl2-x64-windows-2.24.0-b31f51b4-0883-497d-ae5b-d9888a9088c8",
  "name": "sdl2:x64-windows@2.24.0 db3fbfb9d9fa6816092ab33201af698ed3700f3a717efe3204fe99afcce8f539",
  "creationInfo": {
    "creators": [
      "Tool: vcpkg-d2c0bb0d74d3bbbcc0bbba1b828079d5f9f88d72"
    ],
    "created": "2022-08-31T23:41:17Z"
  },
  "relationships": [
    {
      "spdxElementId": "SPDXRef-port",
      "relationshipType": "GENERATES",
      "relatedSpdxElement": "SPDXRef-binary"
    },
    {
      "spdxElementId": "SPDXRef-port",
      "relationshipType": "CONTAINS",
      "relatedSpdxElement": "SPDXRef-file-0"
    },
    {
      "spdxElementId": "SPDXRef-port",
      "relationshipType": "CONTAINS",
      "relatedSpdxElement": "SPDXRef-file-1"
    },
    {
      "spdxElementId": "SPDXRef-port",
      "relationshipType": "CONTAINS",
      "relatedSpdxElement": "SPDXRef-file-2"
    },
    {
      "spdxElementId": "SPDXRef-port",
      "relationshipType": "CONTAINS",
      "relatedSpdxElement": "SPDXRef-file-3"
    },
    {
      "spdxElementId": "SPDXRef-binary",
      "relationshipType": "GENERATED_FROM",
      "relatedSpdxElement": "SPDXRef-port"
    },
    {
      "spdxElementId": "SPDXRef-file-0",
      "relationshipType": "CONTAINED_BY",
      "relatedSpdxElement": "SPDXRef-port"
    },
    {
      "spdxElementId": "SPDXRef-file-1",
      "relationshipType": "CONTAINED_BY",
      "relatedSpdxElement": "SPDXRef-port"
    },
    {
      "spdxElementId": "SPDXRef-file-2",
      "relationshipType": "CONTAINED_BY",
      "relatedSpdxElement": "SPDXRef-port"
    },
    {
      "spdxElementId": "SPDXRef-file-3",
      "relationshipType": "CONTAINED_BY",
      "relatedSpdxElement": "SPDXRef-port"
    },
    {
      "spdxElementId": "SPDXRef-file-3",
      "relationshipType": "DEPENDENCY_MANIFEST_OF",
      "relatedSpdxElement": "SPDXRef-port"
    }
  ],
  "packages": [
    {
      "name": "sdl2",
      "SPDXID": "SPDXRef-port",
      "versionInfo": "2.24.0",
      "downloadLocation": "git+https://github.com/Microsoft/vcpkg#ports/sdl2",
      "homepage": "https://www.libsdl.org/download-2.0.php",
      "licenseConcluded": "Zlib",
      "licenseDeclared": "NOASSERTION",
      "copyrightText": "NOASSERTION",
      "description": "Simple DirectMedia Layer is a cross-platform development library designed to provide low level access to audio, keyboard, mouse, joystick, and graphics hardware via OpenGL and Direct3D.",
      "comment": "This is the port (recipe) consumed by vcpkg."
    },
    {
      "name": "sdl2:x64-windows",
      "SPDXID": "SPDXRef-binary",
      "versionInfo": "db3fbfb9d9fa6816092ab33201af698ed3700f3a717efe3204fe99afcce8f539",
      "downloadLocation": "NONE",
      "licenseConcluded": "Zlib",
      "licenseDeclared": "NOASSERTION",
      "copyrightText": "NOASSERTION",
      "comment": "This is a binary package built by vcpkg."
    },
    {
      "SPDXID": "SPDXRef-resource-1",
      "name": "libsdl-org/SDL",
      "downloadLocation": "git+https://github.com/libsdl-org/SDL@8c9beb0c873f6ca5efbd88f1ad2648bfc793b2ac",
      "licenseConcluded": "NOASSERTION",
      "licenseDeclared": "NOASSERTION",
      "copyrightText": "NOASSERTION",
      "checksums": [
        {
          "algorithm": "SHA512",
          "checksumValue": "7936fc3de9920eafe399f5b2af7bf87d479d4ba8c4a7957da90f3a90316dc7a6b8619ffd7a2c198d298d390e1235e00f9bd36fe3f04102bdff351b96c2ade59e"
        }
      ]
    }
  ],
  "files": [
    {
      "fileName": "./0001-sdl2-Enable-creation-of-pkg-cfg-file-on-windows.patch",
      "SPDXID": "SPDXRef-file-0",
      "checksums": [
        {
          "algorithm": "SHA256",
          "checksumValue": "e34dbf9e67013faa00d92aad3671ba37390e3bc93838965e958c17d44bd2d0ed"
        }
      ],
      "licenseConcluded": "NOASSERTION",
      "copyrightText": "NOASSERTION"
    },
    {
      "fileName": "./0002-sdl2-skip-ibus-on-linux.patch",
      "SPDXID": "SPDXRef-file-1",
      "checksums": [
        {
          "algorithm": "SHA256",
          "checksumValue": "5c771d05004c7deb6523cdf1c1a26c3c59c9690e17a3afde09edd940d0056bbe"
        }
      ],
      "licenseConcluded": "NOASSERTION",
      "copyrightText": "NOASSERTION"
    },
    {
      "fileName": "./portfile.cmake",
      "SPDXID": "SPDXRef-file-2",
      "checksums": [
        {
          "algorithm": "SHA256",
          "checksumValue": "5e78b4e475539f1f095379f0c3574dae5587520dfdff890fc624a0b754948e94"
        }
      ],
      "licenseConcluded": "NOASSERTION",
      "copyrightText": "NOASSERTION"
    },
    {
      "fileName": "./vcpkg.json",
      "SPDXID": "SPDXRef-file-3",
      "checksums": [
        {
          "algorithm": "SHA256",
          "checksumValue": "eac331820ebbcf7dd30e4fe81549fc7b2ea89c8f7a6c7cf370fca6e07f19ba3f"
        }
      ],
      "licenseConcluded": "NOASSERTION",
      "copyrightText": "NOASSERTION"
    }
  ]
}
