{
  "$schema": "https://raw.githubusercontent.com/spdx/spdx-spec/v2.2.1/schemas/spdx-schema.json",
  "spdxVersion": "SPDX-2.2",
  "dataLicense": "CC0-1.0",
  "SPDXID": "SPDXRef-DOCUMENT",
  "documentNamespace": "https://spdx.org/spdxdocs/glew-x64-windows-2.2.0-8e54fe24-b601-4451-98ba-fdc09a7c2a2e",
  "name": "glew:x64-windows@2.2.0 b50f833b46cf4358c734db7a93821ecb5330f84a0e2d6ac40a25b247fd8f7174",
  "creationInfo": {
    "creators": [
      "Tool: vcpkg-d2c0bb0d74d3bbbcc0bbba1b828079d5f9f88d72"
    ],
    "created": "2022-08-31T23:40:41Z"
  },
  "relationships": [
    {
      "spdxElementId": "SPDXRef-port",
      "relationshipType": "GENERATES",
      "relatedSpdxElement": "SPDXRef-binary"
    },
    {
      "spdxElementId": "SPDXRef-port",
      "relationshipType": "CONTAINS",
      "relatedSpdxElement": "SPDXRef-file-0"
    },
    {
      "spdxElementId": "SPDXRef-port",
      "relationshipType": "CONTAINS",
      "relatedSpdxElement": "SPDXRef-file-1"
    },
    {
      "spdxElementId": "SPDXRef-port",
      "relationshipType": "CONTAINS",
      "relatedSpdxElement": "SPDXRef-file-2"
    },
    {
      "spdxElementId": "SPDXRef-port",
      "relationshipType": "CONTAINS",
      "relatedSpdxElement": "SPDXRef-file-3"
    },
    {
      "spdxElementId": "SPDXRef-port",
      "relationshipType": "CONTAINS",
      "relatedSpdxElement": "SPDXRef-file-4"
    },
    {
      "spdxElementId": "SPDXRef-binary",
      "relationshipType": "GENERATED_FROM",
      "relatedSpdxElement": "SPDXRef-port"
    },
    {
      "spdxElementId": "SPDXRef-file-0",
      "relationshipType": "CONTAINED_BY",
      "relatedSpdxElement": "SPDXRef-port"
    },
    {
      "spdxElementId": "SPDXRef-file-1",
      "relationshipType": "CONTAINED_BY",
      "relatedSpdxElement": "SPDXRef-port"
    },
    {
      "spdxElementId": "SPDXRef-file-2",
      "relationshipType": "CONTAINED_BY",
      "relatedSpdxElement": "SPDXRef-port"
    },
    {
      "spdxElementId": "SPDXRef-file-3",
      "relationshipType": "CONTAINED_BY",
      "relatedSpdxElement": "SPDXRef-port"
    },
    {
      "spdxElementId": "SPDXRef-file-4",
      "relationshipType": "CONTAINED_BY",
      "relatedSpdxElement": "SPDXRef-port"
    },
    {
      "spdxElementId": "SPDXRef-file-4",
      "relationshipType": "DEPENDENCY_MANIFEST_OF",
      "relatedSpdxElement": "SPDXRef-port"
    }
  ],
  "packages": [
    {
      "name": "glew",
      "SPDXID": "SPDXRef-port",
      "versionInfo": "2.2.0",
      "downloadLocation": "git+https://github.com/Microsoft/vcpkg#ports/glew",
      "homepage": "https://github.com/nigels-com/glew",
      "licenseConcluded": "NOASSERTION",
      "licenseDeclared": "NOASSERTION",
      "copyrightText": "NOASSERTION",
      "description": "The OpenGL Extension Wrangler Library (GLEW) is a cross-platform open-source C/C++ extension loading library.",
      "comment": "This is the port (recipe) consumed by vcpkg."
    },
    {
      "name": "glew:x64-windows",
      "SPDXID": "SPDXRef-binary",
      "versionInfo": "b50f833b46cf4358c734db7a93821ecb5330f84a0e2d6ac40a25b247fd8f7174",
      "downloadLocation": "NONE",
      "licenseConcluded": "NOASSERTION",
      "licenseDeclared": "NOASSERTION",
      "copyrightText": "NOASSERTION",
      "comment": "This is a binary package built by vcpkg."
    },
    {
      "SPDXID": "SPDXRef-resource-1",
      "name": "",
      "downloadLocation": "git+https://github.com/@",
      "licenseConcluded": "NOASSERTION",
      "licenseDeclared": "NOASSERTION",
      "copyrightText": "NOASSERTION"
    },
    {
      "SPDXID": "SPDXRef-resource-2",
      "name": "glew-2.2.0.tgz",
      "packageFileName": "glew-2.2.0.tgz",
      "downloadLocation": "https://github.com/nigels-com/glew/releases/download/glew-2.2.0/glew-2.2.0.tgz",
      "licenseConcluded": "NOASSERTION",
      "licenseDeclared": "NOASSERTION",
      "copyrightText": "NOASSERTION",
      "checksums": [
        {
          "algorithm": "SHA512",
          "checksumValue": "57453646635609d54f62fb32a080b82b601fd471fcfd26e109f479b3fef6dfbc24b83f4ba62916d07d62cd06d1409ad7aa19bc1cd7cf3639c103c815b8be31d1"
        }
      ]
    }
  ],
  "files": [
    {
      "fileName": "./fix-LNK2019.patch",
      "SPDXID": "SPDXRef-file-0",
      "checksums": [
        {
          "algorithm": "SHA256",
          "checksumValue": "1cef07d7e458842badc2954da9862216b2efde42cd1459c367bbe3c50f7f6625"
        }
      ],
      "licenseConcluded": "NOASSERTION",
      "copyrightText": "NOASSERTION"
    },
    {
      "fileName": "./portfile.cmake",
      "SPDXID": "SPDXRef-file-1",
      "checksums": [
        {
          "algorithm": "SHA256",
          "checksumValue": "e20f9ff3dc8a403178b6e62ba5a7f8560b2e66a5d48ddb4e0f6b509b423358bb"
        }
      ],
      "licenseConcluded": "NOASSERTION",
      "copyrightText": "NOASSERTION"
    },
    {
      "fileName": "./usage",
      "SPDXID": "SPDXRef-file-2",
      "checksums": [
        {
          "algorithm": "SHA256",
          "checksumValue": "c79d8674ed71ebb1d90f1a684a7276ca2480e0c7ae64934c14c45df547068153"
        }
      ],
      "licenseConcluded": "NOASSERTION",
      "copyrightText": "NOASSERTION"
    },
    {
      "fileName": "./vcpkg-cmake-wrapper.cmake",
      "SPDXID": "SPDXRef-file-3",
      "checksums": [
        {
          "algorithm": "SHA256",
          "checksumValue": "8a5f7ae6b0f3ddac45595a1edeb4f3c0d1a612280eaf2d029904e99b6c03816c"
        }
      ],
      "licenseConcluded": "NOASSERTION",
      "copyrightText": "NOASSERTION"
    },
    {
      "fileName": "./vcpkg.json",
      "SPDXID": "SPDXRef-file-4",
      "checksums": [
        {
          "algorithm": "SHA256",
          "checksumValue": "94882fef1665948de65f1859d74f9a4240109a7290d425b680e0ed011bb4e730"
        }
      ],
      "licenseConcluded": "NOASSERTION",
      "copyrightText": "NOASSERTION"
    }
  ]
}
