{
  "$schema": "https://raw.githubusercontent.com/spdx/spdx-spec/v2.2.1/schemas/spdx-schema.json",
  "spdxVersion": "SPDX-2.2",
  "dataLicense": "CC0-1.0",
  "SPDXID": "SPDXRef-DOCUMENT",
  "documentNamespace": "https://spdx.org/spdxdocs/glm-x64-windows-0.9.9.8#1-b890d24d-f090-431c-aa22-0de4a9bc389f",
  "name": "glm:x64-windows@0.9.9.8#1 7d265c8786cd81e53a6a5472770aaf3f7bf35b0e77c003f2fea8a068cb26b453",
  "creationInfo": {
    "creators": [
      "Tool: vcpkg-d2c0bb0d74d3bbbcc0bbba1b828079d5f9f88d72"
    ],
    "created": "2022-08-31T23:40:45Z"
  },
  "relationships": [
    {
      "spdxElementId": "SPDXRef-port",
      "relationshipType": "GENERATES",
      "relatedSpdxElement": "SPDXRef-binary"
    },
    {
      "spdxElementId": "SPDXRef-port",
      "relationshipType": "CONTAINS",
      "relatedSpdxElement": "SPDXRef-file-0"
    },
    {
      "spdxElementId": "SPDXRef-port",
      "relationshipType": "CONTAINS",
      "relatedSpdxElement": "SPDXRef-file-1"
    },
    {
      "spdxElementId": "SPDXRef-port",
      "relationshipType": "CONTAINS",
      "relatedSpdxElement": "SPDXRef-file-2"
    },
    {
      "spdxElementId": "SPDXRef-binary",
      "relationshipType": "GENERATED_FROM",
      "relatedSpdxElement": "SPDXRef-port"
    },
    {
      "spdxElementId": "SPDXRef-file-0",
      "relationshipType": "CONTAINED_BY",
      "relatedSpdxElement": "SPDXRef-port"
    },
    {
      "spdxElementId": "SPDXRef-file-1",
      "relationshipType": "CONTAINED_BY",
      "relatedSpdxElement": "SPDXRef-port"
    },
    {
      "spdxElementId": "SPDXRef-file-2",
      "relationshipType": "CONTAINED_BY",
      "relatedSpdxElement": "SPDXRef-port"
    },
    {
      "spdxElementId": "SPDXRef-file-2",
      "relationshipType": "DEPENDENCY_MANIFEST_OF",
      "relatedSpdxElement": "SPDXRef-port"
    }
  ],
  "packages": [
    {
      "name": "glm",
      "SPDXID": "SPDXRef-port",
      "versionInfo": "0.9.9.8#1",
      "downloadLocation": "git+https://github.com/Microsoft/vcpkg#ports/glm",
      "homepage": "https://glm.g-truc.net",
      "licenseConcluded": "NOASSERTION",
      "licenseDeclared": "NOASSERTION",
      "copyrightText": "NOASSERTION",
      "description": "OpenGL Mathematics (GLM)",
      "comment": "This is the port (recipe) consumed by vcpkg."
    },
    {
      "name": "glm:x64-windows",
      "SPDXID": "SPDXRef-binary",
      "versionInfo": "7d265c8786cd81e53a6a5472770aaf3f7bf35b0e77c003f2fea8a068cb26b453",
      "downloadLocation": "NONE",
      "licenseConcluded": "NOASSERTION",
      "licenseDeclared": "NOASSERTION",
      "copyrightText": "NOASSERTION",
      "comment": "This is a binary package built by vcpkg."
    },
    {
      "SPDXID": "SPDXRef-resource-1",
      "name": "g-truc/glm",
      "downloadLocation": "git+https://github.com/g-truc/glm@bf71a834948186f4097caa076cd2663c69a10e1e",
      "licenseConcluded": "NOASSERTION",
      "licenseDeclared": "NOASSERTION",
      "copyrightText": "NOASSERTION",
      "checksums": [
        {
          "algorithm": "SHA512",
          "checksumValue": "226266c02af616a96fb19ee32cf3f98347daa43a4fde5d618d36b38709dce1280de126c542524d40725ecf70359edcc5b60660554c65ce246514501fb4c9c87c"
        }
      ]
    }
  ],
  "files": [
    {
      "fileName": "./CMakeLists.txt",
      "SPDXID": "SPDXRef-file-0",
      "checksums": [
        {
          "algorithm": "SHA256",
          "checksumValue": "e40d624949e21bf91134b320f17581c04519ed1b754ac707d9af1458eef00f9b"
        }
      ],
      "licenseConcluded": "NOASSERTION",
      "copyrightText": "NOASSERTION"
    },
    {
      "fileName": "./portfile.cmake",
      "SPDXID": "SPDXRef-file-1",
      "checksums": [
        {
          "algorithm": "SHA256",
          "checksumValue": "f826f2315be3ec8f92252e52e9a1bebf789f22cbc0b10a24a084a75475f8eb39"
        }
      ],
      "licenseConcluded": "NOASSERTION",
      "copyrightText": "NOASSERTION"
    },
    {
      "fileName": "./vcpkg.json",
      "SPDXID": "SPDXRef-file-2",
      "checksums": [
        {
          "algorithm": "SHA256",
          "checksumValue": "a37a93176fffb6cd2a4fa435bc06c025f61dcda58c4650667f7604f902041590"
        }
      ],
      "licenseConcluded": "NOASSERTION",
      "copyrightText": "NOASSERTION"
    }
  ]
}
